sample_name,plate_well,barcode,treatment
TSO_16HR_FIX_A1,A1,AAGTGATTAGCAA,TSO_16HR_FIX
TSO_16HR_FIX_A2,A2,AGAATCCCCCTAA,TSO_16HR_FIX
TSO_16HR_FIX_A3,A3,ACCTGGGAAACTA,TSO_16HR_FIX
TSO_16HR_FIX_A4,A4,ATACCTCCCAGGA,TSO_16HR_FIX
TSO_16HR_FIX_A5,A5,AATTTGTGGTATA,TSO_16HR_FIX
TSO_16HR_FIX_A6,A6,ACCCGAGAGATCA,TSO_16HR_FIX
TSO_16HR_FIX_A7,A7,AGAGTATAGGGTA,TSO_16HR_FIX
TSO_16HR_FIX_A8,A8,ATCTTAATTGAGA,TSO_16HR_FIX
TSO_16HR_FIX_A9,A9,AACGTTCTGTCGA,TSO_16HR_FIX
TSO_16HR_FIX_A10,A10,ACATAATGGCGAA,TSO_16HR_FIX
TSO_16HR_FIX_A11,A11,AGGCCGGAACATA,TSO_16HR_FIX
TSO_16HR_FIX_A12,A12,ATCACTTCAAGAA,TSO_16HR_FIX
TSO_16HR_FIX_B1,B1,AAGCTGGCCTTCA,TSO_16HR_FIX
TSO_16HR_FIX_B2,B2,ACTGCACATTGGA,TSO_16HR_FIX
TSO_16HR_FIX_B3,B3,AGGTCCTTCGATA,TSO_16HR_FIX
TSO_16HR_FIX_B4,B4,ATTCGCACCCGAA,TSO_16HR_FIX
TSO_16HR_FIX_B5,B5,ACCGTAAATTACA,TSO_16HR_FIX
TSO_16HR_FIX_B6,B6,AGTAGTCGATATA,TSO_16HR_FIX
TSO_16HR_FIX_B7,B7,ATGTAAGAATCAA,TSO_16HR_FIX
TSO_16HR_FIX_B8,B8,AAGGCCCGCCGTA,TSO_16HR_FIX
TSO_16HR_FIX_B9,B9,ACTCCACGCAAGA,TSO_16HR_FIX
TSO_16HR_FIX_B10,B10,AGTCTTTGATTAA,TSO_16HR_FIX
TSO_16HR_FIX_B11,B11,ATAGAGCCCGCCA,TSO_16HR_FIX
TSO_16HR_FIX_B12,B12,AAGAAATGGAGGA,TSO_16HR_FIX
TSO_16HR_FIX_C1,C1,TCAGCGCTGGTTA,TSO_16HR_FIX
TSO_16HR_FIX_C2,C2,TGTTGACGAATAA,TSO_16HR_FIX
TSO_16HR_FIX_C3,C3,TTGCATCAGCGCA,TSO_16HR_FIX
TSO_16HR_FIX_C4,C4,TAGCCATATGAGA,TSO_16HR_FIX
TSO_16HR_FIX_C5,C5,TCCTGCCCCTGTA,TSO_16HR_FIX
TSO_16HR_FIX_C6,C6,TGGTATAAAACCA,TSO_16HR_FIX
TSO_16HR_FIX_C7,C7,TTAAAGTCATGCA,TSO_16HR_FIX
TSO_16HR_FIX_C8,C8,TAGAACTCAGAAA,TSO_16HR_FIX
TSO_16HR_FIX_C9,C9,TCAGCTTAATCGC,TSO_16HR_FIX
TSO_16HR_FIX_C10,C10,TGGCTTAAGAGAC,TSO_16HR_FIX
TSO_16HR_FIX_C11,C11,TTCACCTGTCGGC,TSO_16HR_FIX
TSO_16HR_FIX_C12,C12,TATAGTGATACTC,TSO_16HR_FIX
TSO_16HR_FIX_D1,D1,TCATCAGCGAACC,TSO_16HR_FIX
TSO_16HR_FIX_D2,D2,TGCGCCATGGGAC,TSO_16HR_FIX
TSO_16HR_FIX_D3,D3,TTGTTGAACTCCC,TSO_16HR_FIX
TSO_16HR_FIX_D4,D4,TATATACGCAGTC,TSO_16HR_FIX
TSO_16HR_FIX_D5,D5,TCGCACGACGTAC,TSO_16HR_FIX
TSO_16HR_FIX_D6,D6,TGGGACAGAAGGC,TSO_16HR_FIX
TSO_16HR_FIX_D7,D7,TTTAACAAGTATC,TSO_16HR_FIX
TSO_16HR_FIX_D8,D8,TACTCCTGGGTAC,TSO_16HR_FIX
TSO_16HR_FIX_D9,D9,TCAGAAAACCCCC,TSO_16HR_FIX
TSO_16HR_FIX_D10,D10,TGCACGAGCAGTC,TSO_16HR_FIX
TSO_16HR_FIX_D11,D11,TTATTATGCTTCC,TSO_16HR_FIX
TSO_16HR_FIX_D12,D12,TAGCGACTGTATC,TSO_16HR_FIX
TSO_30MIN_FIX_E1,E1,CCCTTGCGACAGC,TSO_30MIN_FIX
TSO_30MIN_FIX_E2,E2,CGTTAGATTGCAC,TSO_30MIN_FIX
TSO_30MIN_FIX_E3,E3,CTAAATACCATCC,TSO_30MIN_FIX
TSO_30MIN_FIX_E4,E4,CATATTTTTTAGC,TSO_30MIN_FIX
TSO_30MIN_FIX_E5,E5,CCCCTAAACGCTC,TSO_30MIN_FIX
TSO_30MIN_FIX_E6,E6,CGATTGTTAGGAC,TSO_30MIN_FIX
TSO_30MIN_FIX_E7,E7,CTACCGAGTCTCC,TSO_30MIN_FIX
TSO_30MIN_FIX_E8,E8,CAGAACAAATTGC,TSO_30MIN_FIX
TSO_30MIN_FIX_E9,E9,CCTTGATCTCATC,TSO_30MIN_FIX
TSO_30MIN_FIX_E10,E10,CGCCACGCGTTAC,TSO_30MIN_FIX
TSO_30MIN_FIX_E11,E11,CTATAGATACGGC,TSO_30MIN_FIX
TSO_30MIN_FIX_E12,E12,CATACCCAGCCAC,TSO_30MIN_FIX
TSO_30MIN_FIX_F1,F1,CCCCGGATGTACC,TSO_30MIN_FIX
TSO_30MIN_FIX_F2,F2,CGATCTCGGCTTC,TSO_30MIN_FIX
TSO_30MIN_FIX_F3,F3,CTAGCCGCTTTGC,TSO_30MIN_FIX
TSO_30MIN_FIX_F4,F4,CCTAAATACAGCC,TSO_30MIN_FIX
TSO_30MIN_FIX_F5,F5,CGGGTTTTACCAG,TSO_30MIN_FIX
TSO_30MIN_FIX_F6,F6,CATATCCATTGCG,TSO_30MIN_FIX
TSO_30MIN_FIX_F7,F7,CCTCCCGAGAGTG,TSO_30MIN_FIX
TSO_30MIN_FIX_F8,F8,CGAATATCTCCGG,TSO_30MIN_FIX
TSO_30MIN_FIX_F9,F9,CTACTAACCCACG,TSO_30MIN_FIX
TSO_30MIN_FIX_F10,F10,CAAATGATACAAG,TSO_30MIN_FIX
TSO_30MIN_FIX_F11,F11,CCCCCATTATTTG,TSO_30MIN_FIX
TSO_30MIN_FIX_F12,F12,CGAGTCGCGACGG,TSO_30MIN_FIX
TSO_30MIN_FIX_G1,G1,GTGGTTGTGGCCG,TSO_30MIN_FIX
TSO_30MIN_FIX_G2,G2,GATTCAAGGAAAG,TSO_30MIN_FIX
TSO_30MIN_FIX_G3,G3,GCCAAGATCTGGG,TSO_30MIN_FIX
TSO_30MIN_FIX_G4,G4,GATACTGTATCAG,TSO_30MIN_FIX
TSO_30MIN_FIX_G5,G5,GCCGATTCGTGCG,TSO_30MIN_FIX
TSO_30MIN_FIX_G6,G6,GTGACAACGCTGG,TSO_30MIN_FIX
TSO_30MIN_FIX_G7,G7,GGGCTGTCTTATG,TSO_30MIN_FIX
TSO_30MIN_FIX_G8,G8,GACCCTGGCCTGG,TSO_30MIN_FIX
TSO_30MIN_FIX_G9,G9,GCGTACGCTTATG,TSO_30MIN_FIX
TSO_30MIN_FIX_G10,G10,GTTGCACTTAATG,TSO_30MIN_FIX
TSO_30MIN_FIX_G11,G11,GGACAAAGAGAAG,TSO_30MIN_FIX
TSO_30MIN_FIX_G12,G12,GAACCACAGCACG,TSO_30MIN_FIX
TSO_30MIN_FIX_H1,H1,GCTTATCTAGAGG,TSO_30MIN_FIX
TSO_30MIN_FIX_H2,H2,GTAATGTGGTCAG,TSO_30MIN_FIX
TSO_30MIN_FIX_H3,H3,GGCGCGCGAGCTG,TSO_30MIN_FIX
TSO_30MIN_FIX_H4,H4,GTCCATGTGTGTG,TSO_30MIN_FIX
TSO_30MIN_FIX_H5,H5,GGGAGGAATCCAG,TSO_30MIN_FIX
TSO_30MIN_FIX_H6,H6,GATCAAAATAGGG,TSO_30MIN_FIX
TSO_30MIN_FIX_H7,H7,GCAAGACTGCCAG,TSO_30MIN_FIX
TSO_30MIN_FIX_PENTA_H8,H8,GTAGGATGGACCG,TSO_30MIN_FIX_PENTA
TSO_30MIN_FIX_PENTA_H9,H9,GGATCGGACCTAG,TSO_30MIN_FIX_PENTA
TSO_30MIN_FIX_PENTA_H10,H10,GCCCAAAGGAATG,TSO_30MIN_FIX_PENTA
TSO_30MIN_FIX_PENTA_H11,H11,GTACCTAACGCAG,TSO_30MIN_FIX_PENTA
TSO_30MIN_FIX_PENTA_H12,H12,GGTCAGGTTCAGG,TSO_30MIN_FIX_PENTA
Bulk_Library_H12,H12,GGTCAGGTTCAGG,Bulk_Library
Dash_1_H12,H12,GGTCAGGTTCAGG,Dash_60
Dash_2_H12,H12,GGTCAGGTTCAGG,Dash_90