bc1,AAGTGATTAGCAA
bc2,AGAATCCCCCTAA
bc3,ACCTGGGAAACTA
bc4,ATACCTCCCAGGA
bc5,AATTTGTGGTATA
bc6,ACCCGAGAGATCA
bc7,AGAGTATAGGGTA
bc8,ATCTTAATTGAGA
bc9,AACGTTCTGTCGA
bc10,ACATAATGGCGAA
bc11,AGGCCGGAACATA
bc12,ATCACTTCAAGAA
bc13,AAGCTGGCCTTCA
bc14,ACTGCACATTGGA
bc15,AGGTCCTTCGATA
bc16,ATTCGCACCCGAA
bc17,ACCGTAAATTACA
bc18,AGTAGTCGATATA
bc19,ATGTAAGAATCAA
bc20,AAGGCCCGCCGTA
bc21,ACTCCACGCAAGA
bc22,AGTCTTTGATTAA
bc23,ATAGAGCCCGCCA
bc24,AAGAAATGGAGGA
bc25,TCAGCGCTGGTTA
bc26,TGTTGACGAATAA
bc27,TTGCATCAGCGCA
bc28,TAGCCATATGAGA
bc29,TCCTGCCCCTGTA
bc30,TGGTATAAAACCA
bc31,TTAAAGTCATGCA
bc32,TAGAACTCAGAAA
bc33,TCAGCTTAATCGC
bc34,TGGCTTAAGAGAC
bc35,TTCACCTGTCGGC
bc36,TATAGTGATACTC
bc37,TCATCAGCGAACC
bc38,TGCGCCATGGGAC
bc39,TTGTTGAACTCCC
bc40,TATATACGCAGTC
bc41,TCGCACGACGTAC
bc42,TGGGACAGAAGGC
bc43,TTTAACAAGTATC
bc44,TACTCCTGGGTAC
bc45,TCAGAAAACCCCC
bc46,TGCACGAGCAGTC
bc47,TTATTATGCTTCC
bc48,TAGCGACTGTATC
bc49,CCCTTGCGACAGC
bc50,CGTTAGATTGCAC
bc51,CTAAATACCATCC
bc52,CATATTTTTTAGC
bc53,CCCCTAAACGCTC
bc54,CGATTGTTAGGAC
bc55,CTACCGAGTCTCC
bc56,CAGAACAAATTGC
bc57,CCTTGATCTCATC
bc58,CGCCACGCGTTAC
bc59,CTATAGATACGGC
bc60,CATACCCAGCCAC
bc61,CCCCGGATGTACC
bc62,CGATCTCGGCTTC
bc63,CTAGCCGCTTTGC
bc64,CCTAAATACAGCC
bc65,CGGGTTTTACCAG
bc66,CATATCCATTGCG
bc67,CCTCCCGAGAGTG
bc68,CGAATATCTCCGG
bc69,CTACTAACCCACG
bc70,CAAATGATACAAG
bc71,CCCCCATTATTTG
bc72,CGAGTCGCGACGG
bc73,GTGGTTGTGGCCG
bc74,GATTCAAGGAAAG
bc75,GCCAAGATCTGGG
bc76,GATACTGTATCAG
bc77,GCCGATTCGTGCG
bc78,GTGACAACGCTGG
bc79,GGGCTGTCTTATG
bc80,GACCCTGGCCTGG
bc81,GCGTACGCTTATG
bc82,GTTGCACTTAATG
bc83,GGACAAAGAGAAG
bc84,GAACCACAGCACG
bc85,GCTTATCTAGAGG
bc86,GTAATGTGGTCAG
bc87,GGCGCGCGAGCTG
bc88,GTCCATGTGTGTG
bc89,GGGAGGAATCCAG
bc90,GATCAAAATAGGG
bc91,GCAAGACTGCCAG
bc92,GTAGGATGGACCG
bc93,GGATCGGACCTAG
bc94,GCCCAAAGGAATG
bc95,GTACCTAACGCAG
bc96,GGTCAGGTTCAGG